distrito,monto
Lince,538.3344198895028
Miraflores,522.6673925501433
Surco,519.7147802197802
San Isidro,510.71769696969693
Comas,501.87266272189345
Desconocido,493.293
La Molina,491.5960724233983
Callao,479.06151335311574
